{
  "project_info": {
    "project_number": "1057047610102",
    "project_id": "notify-f6194",
    "storage_bucket": "notify-f6194.appspot.com"
  },
  "client": [
    {
      "client_info": {
        "mobilesdk_app_id": "1:1057047610102:android:406963b3a1506ce18da2d7",
        "android_client_info": {
          "package_name": "com.example.notifyme"
        }
      },
      "oauth_client": [
        {
          "client_id": "1057047610102-sht835flrlujh5mov8s1sv0ckpcarp6c.apps.googleusercontent.com",
          "client_type": 3
        }
      ],
      "api_key": [
        {
          "current_key": "AIzaSyDJH52X7Vkliqx1DN3qfMYyoKOTGeZUrzM"
        }
      ],
      "services": {
        "appinvite_service": {
          "other_platform_oauth_client": [
            {
              "client_id": "1057047610102-sht835flrlujh5mov8s1sv0ckpcarp6c.apps.googleusercontent.com",
              "client_type": 3
            }
          ]
        }
      }
    }
  ],
  "configuration_version": "1"
}